content,platforms,hashtags
"ğŸ‰ Exciting news! Our new product line is officially launching today! Get ready for something amazing! ğŸš€","tiktok,instagram,youtube","#launch #newproduct #exciting #innovation #business"
"Behind the scenes: Here's how we create our content every single day! The process is more interesting than you think ğŸ“¸","instagram,youtube","#behindthescenes #contentcreation #process #creative #workflow"
"Monday motivation: Remember that every expert was once a beginner. Keep pushing forward! ğŸ’ª","tiktok,instagram","#mondaymotivation #inspiration #mindset #growth #success"
"Quick tip: Did you know you can automate your social media posting? Save hours every week! â°","tiktok,youtube","#productivity #automation #socialmedia #tips #efficiency"
"Throwback to when we first started this journey. Look how far we've come! What's your story? ğŸ“–","instagram,youtube","#throwback #journey #growth #story #progress #memories"
"Weekend vibes: Taking time to plan and strategize for the week ahead. Preparation is key! ğŸ“‹","instagram","#weekendvibes #planning #strategy #preparation #success"
"Tutorial Tuesday: Step-by-step guide to creating engaging content that your audience will love! ğŸ“š","youtube","#tutorial #contentcreation #engagement #education #howto"
"Community appreciation post: Thank you to everyone who supports our journey! You're amazing! ğŸ™","tiktok,instagram,youtube","#community #gratitude #appreciation #thankyou #support"
"Workflow Wednesday: Here are the tools we use daily to stay organized and productive! ğŸ› ï¸","instagram,youtube","#workflow #productivity #tools #organization #efficiency"
"Friday feeling: Celebrating another week of growth, learning, and amazing connections! ğŸŠ","tiktok,instagram","#fridayfeeling #celebration #growth #connections #positive"
